{"threads": [1, 2, 4, 8, 16], "sizes": [64, 128, 256, 512, 1024], "runs": 20, "times": [[[0.0497422, 0.0686142, 0.0480199, 0.048394, 0.0532906, 0.0550093, 0.0479535, 0.0554929, 0.0535988, 0.0488453, 0.0483993, 0.0479936, 0.0484142, 0.0485449, 0.0482314, 0.0488122, 0.0486501, 0.0487311, 0.048781, 0.048308], [0.0530362, 0.0500117, 0.0508753, 0.050162, 0.0510793, 0.0498562, 0.0508807, 0.05076, 0.0504555, 0.0494688, 0.0513929, 0.048996, 0.0512113, 0.0510262, 0.0513612, 0.0501124, 0.0505468, 0.0495187, 0.0502637, 0.0505014], [0.0468167, 0.0480649, 0.0459859, 0.0472711, 0.0456811, 0.0458411, 0.0471225, 0.0463036, 0.046584, 0.0452736, 0.0461141, 0.0449732, 0.0450472, 0.0448385, 0.0448898, 0.0429866, 0.0444593, 0.0435055, 0.0453229, 0.0432407], [0.0486576, 0.0475496, 0.0484721, 0.0459855, 0.0458947, 0.0447197, 0.0445502, 0.0438071, 0.0461447, 0.0430718, 0.0446466, 0.0441002, 0.0427084, 0.0423612, 0.0426872, 0.0415152, 0.0400451, 0.0423153, 0.0414158, 0.0425088], [0.0581461, 0.057358, 0.0589295, 0.055492, 0.0593354, 0.0601811, 0.0590977, 0.0539248, 0.0543887, 0.0558486, 0.0543203, 0.0597559, 0.0583986, 0.0547787, 0.0595752, 0.0573549, 0.0590219, 0.0579376, 0.0573947, 0.0579229]], [[0.189292, 0.187852, 0.297472, 0.217553, 0.204698, 0.192275, 0.188047, 0.187236, 0.183181, 0.172582, 0.308629, 0.2702, 0.336316, 0.343107, 0.319739, 0.340233, 0.457409, 0.329274, 0.282366, 0.235896], [0.158179, 0.156356, 0.156098, 0.155648, 0.15578, 0.154749, 0.155459, 0.156031, 0.154724, 0.156464, 0.154245, 0.157793, 0.154659, 0.148219, 0.136881, 0.125714, 0.123887, 0.123514, 0.15258, 0.124912], [0.116126, 0.117537, 0.117927, 0.12912, 0.129974, 0.124449, 0.121637, 0.110948, 0.114432, 0.121722, 0.122037, 0.123603, 0.122352, 0.12335, 0.123396, 0.123975, 0.115873, 0.123176, 0.123303, 0.128304], [0.100514, 0.100421, 0.0988477, 0.0984883, 0.0987195, 0.0996539, 0.103287, 0.0970287, 0.0989382, 0.102972, 0.0876603, 0.0839825, 0.0994791, 0.101911, 0.0978835, 0.109949, 0.101127, 0.103405, 0.0991491, 0.106329], [0.12473, 0.117577, 0.13404, 0.135706, 0.210703, 0.116969, 0.110563, 0.127573, 0.091886, 0.128554, 0.148763, 0.126508, 0.116112, 0.131688, 0.196557, 0.123705, 0.124127, 0.117809, 0.121761, 0.125466]], [[1.17614, 1.14329, 1.67764, 1.68842, 1.28003, 1.21169, 1.2219, 1.58183, 1.67753, 2.06517, 1.25111, 1.24103, 1.18535, 1.1466, 1.14724, 2.12323, 1.68203, 1.29398, 1.17162, 2.00974], [0.932819, 0.927845, 0.772963, 0.668716, 0.653439, 0.653342, 0.662506, 0.656208, 0.657915, 0.660017, 0.657297, 0.655292, 0.965135, 0.919695, 0.84678, 0.662814, 0.665891, 0.654132, 0.665187, 0.656502], [0.458077, 0.458058, 0.462809, 0.450257, 0.454889, 0.464737, 0.499678, 0.500868, 0.504536, 0.525551, 0.456765, 0.448535, 0.445656, 0.448023, 0.517797, 0.442645, 0.462406, 0.425449, 0.387107, 0.390645], [0.350057, 0.296725, 0.309558, 0.299605, 0.318134, 0.292037, 0.295796, 0.305809, 0.323099, 0.3085, 0.298326, 0.305228, 0.277176, 0.292716, 0.351369, 0.300006, 0.281967, 0.284858, 0.277389, 0.265816], [0.220732, 0.242174, 0.241243, 0.279182, 0.234019, 0.249855, 0.270408, 0.260215, 0.248848, 0.229395, 0.257053, 0.218491, 0.222689, 0.227773, 0.213424, 0.234613, 0.204249, 0.217491, 0.224891, 0.216358]], [[8.34134, 8.3198, 8.52507, 9.02264, 10.2351, 9.62225, 9.0286, 9.03164, 9.03821, 10.2228, 9.93873, 9.01567, 9.0287, 9.05692, 9.03741, 9.03193, 9.04077, 9.04456, 11.5465, 9.62098], [6.08275, 5.33256, 4.60662, 4.6019, 4.59782, 4.61654, 4.60387, 4.60803, 4.6038, 4.60586, 4.61208, 4.626, 4.6016, 4.59577, 4.60559, 4.61235, 4.61126, 4.84395, 4.61931, 4.60009], [2.95103, 2.90932, 2.3987, 2.39818, 2.502, 2.832, 2.8143, 2.39298, 2.38352, 2.41114, 2.99478, 2.98993, 2.38209, 2.91702, 2.66736, 2.73745, 2.7966, 2.38794, 2.39564, 2.81426], [1.62096, 1.56177, 1.5877, 1.87747, 1.57671, 1.57988, 1.61094, 1.59711, 1.61932, 1.60021, 1.59778, 1.57636, 1.58057, 1.44864, 1.58895, 1.61247, 1.58525, 1.60079, 1.60481, 1.59475], [1.25594, 1.18884, 1.03348, 1.03643, 1.11884, 1.04613, 1.10787, 1.04181, 1.02733, 1.07182, 1.05492, 1.03341, 1.06489, 1.06643, 1.05029, 1.01538, 1.07605, 1.02842, 1.05074, 1.05365]], [[93.1178, 91.3831, 86.1875, 95.0031, 94.2223, 90.4576, 97.8818, 89.2284, 88.4437, 85.345, 110.992, 93.1915, 85.5289, 91.7064, 94.9199, 90.7415, 95.8059, 93.2756, 90.0877, 92.8968], [40.6432, 43.4713, 51.2448, 41.3812, 39.7636, 40.6144, 40.2193, 42.2536, 50.3468, 43.8594, 41.3446, 42.4209, 40.9611, 39.4046, 39.3495, 38.9643, 39.7479, 37.3527, 37.6855, 39.663], [22.9186, 25.2061, 23.0676, 22.7473, 22.4126, 22.9159, 24.6222, 24.28, 24.1857, 24.1954, 23.0082, 22.2678, 25.166, 24.9504, 25.1143, 29.4626, 22.7754, 25.2111, 25.0004, 23.158], [15.0992, 14.7081, 15.0823, 14.598, 14.8129, 15.3779, 14.6398, 14.0329, 16.3238, 15.1001, 14.2218, 15.0567, 14.5203, 14.4739, 13.075, 14.6567, 16.7771, 15.0769, 13.3938, 14.782], [8.9046, 8.60602, 9.30717, 9.19186, 9.11357, 10.1653, 10.5704, 10.4344, 10.1798, 9.13891, 9.07278, 10.2166, 9.70278, 8.70818, 8.66047, 8.74371, 8.89013, 8.79742, 8.82903, 8.98451]]]}