{"threads": [1, 4, 16, 64], "sizes": [64, 128, 256], "runs": 20, "times": [[[0.049833, 0.048411, 0.0496119, 0.0479716, 0.0505714, 0.0505615, 0.0523127, 0.0510868, 0.0510528, 0.0504571, 0.0500331, 0.0490618, 0.0486555, 0.0488406, 0.0501277, 0.0616067, 0.0485357, 0.0484483, 0.0489829, 0.0503345], [0.511489, 0.512047, 0.511408, 0.574397, 0.506397, 0.629868, 2.56546, 0.655741, 0.728096, 1.44444, 0.628386, 0.571094, 0.55708, 0.506538, 0.619462, 1.45343, 0.704643, 0.493437, 0.600365, 0.655267], [6.51208, 6.03268, 7.92031, 6.99805, 7.04022, 8.08936, 6.92548, 7.77429, 7.00728, 7.742, 7.20916, 8.55899, 6.6078, 6.6935, 6.94887, 7.27186, 7.85221, 8.29075, 7.29673, 8.28735], [18.0949, 28.2106, 10.8268, 52.0522, 26.6097, 25.133, 19.9904, 19.1688, 13.2242, 18.2315, 29.4735, 13.7478, 20.4883, 28.9525, 32.2304, 27.0224, 23.3904, 16.5949, 10.6627, 31.2468]], [[0.218158, 0.213934, 0.19754, 0.184809, 0.177023, 0.177526, 0.340862, 0.298108, 0.339812, 0.338062, 0.337756, 0.33892, 0.317078, 0.266201, 0.224159, 0.189733, 0.172627, 0.176517, 0.172411, 0.172488], [2.91886, 2.89031, 3.71389, 3.87441, 2.99983, 2.64265, 2.91065, 2.2268, 2.64691, 2.6947, 2.23364, 2.64616, 2.91457, 2.21955, 2.22347, 3.10925, 3.80906, 2.95889, 2.22442, 3.28752], [261.687, 94.1851, 313.118, 114.157, 165.589, 305.145, 169.787, 293.693, 353.514, 311.811, 106.867, 98.8654, 98.0396, 180.685, 156.784, 178.62, 110.964, 104.145, 218.104, 162.401], [42.2206, 41.6279, 41.9165, 46.9643, 38.7289, 37.4465, 37.2548, 39.4423, 40.5042, 37.7357, 42.7621, 42.3079, 41.701, 42.8689, 41.4515, 40.9716, 35.2902, 34.1708, 39.7273, 43.2392]], [[1.66908, 2.39492, 1.68236, 2.12055, 1.19122, 1.13691, 1.14307, 1.14387, 1.13639, 1.13847, 1.15502, 1.14022, 1.14487, 1.13885, 1.13538, 1.13612, 1.14164, 1.13641, 1.13937, 1.14048], [17.6035, 17.6788, 16.3607, 17.5364, 17.318, 17.4812, 17.9212, 18.0212, 24.0979, 17.032, 19.1315, 18.9338, 19.1249, 17.3017, 18.6446, 18.2055, 18.4579, 17.3066, 17.8516, 19.2599], [14.3559, 11.9606, 17.8359, 18.165, 23.5578, 13.303, 24.3118, 18.5286, 22.7774, 18.1472, 14.8305, 14.9837, 14.8726, 20.099, 16.3392, 19.7433, 16.0354, 10.2416, 18.2458, 14.7217], [142.801, 128.346, 133.764, 120.514, 120.049, 137.886, 132.173, 131.924, 131.868, 135.695, 131.742, 133.216, 130.445, 137.106, 130.038, 134.805, 127.002, 141.277, 126.801, 119.493]]]}