{
    "threads": [
        1,
        4,
        8
    ],
    "sizes": [
        64,
        128
    ],
    "runs": 20,
    "times": [
        [
            [
                0.048611,
                0.030629,
                0.029324,
                0.029372,
                0.029399,
                0.029383,
                0.029409,
                0.029333,
                0.029343,
                0.02951,
                0.029294,
                0.029298,
                0.029631,
                0.0298,
                0.029502,
                0.029564,
                0.029316,
                0.029053,
                0.029028,
                0.029308
            ],
            [
                1.12353,
                1.11023,
                1.10936,
                1.11055,
                1.10621,
                1.15266,
                1.25988,
                1.23328,
                1.22966,
                1.13701,
                1.16202,
                1.23093,
                1.10151,
                1.19037,
                1.13161,
                1.09763,
                1.20292,
                1.14613,
                1.13539,
                1.29009
            ],
            [
                5.27588,
                5.1202,
                5.28842,
                5.60378,
                5.33022,
                5.08826,
                4.97154,
                5.20258,
                5.13766,
                5.07875,
                5.20314,
                5.18815,
                5.09098,
                5.07418,
                5.16649,
                5.83165,
                5.77692,
                5.15801,
                5.20359,
                5.32548
            ]
        ],
        [
            [
                0.155592,
                0.156849,
                0.155523,
                0.155843,
                0.155855,
                0.157025,
                0.155981,
                0.15522,
                0.157096,
                0.155284,
                0.155267,
                0.155309,
                0.155704,
                0.155759,
                0.155191,
                0.154051,
                0.153839,
                0.153775,
                0.15413,
                0.153858
            ],
            [
                4.81497,
                5.15648,
                4.78301,
                4.8695,
                5.18799,
                4.98632,
                4.89999,
                4.95091,
                4.85318,
                5.02909,
                4.9112,
                4.77887,
                4.76359,
                4.78048,
                5.07804,
                4.89318,
                4.66237,
                5.36571,
                5.98537,
                6.19365
            ],
            [
                40.8248,
                38.4935,
                40.6184,
                41.0951,
                39.3172,
                36.6935,
                38.1084,
                40.861,
                39.4792,
                39.8674,
                40.0808,
                37.7771,
                38.5399,
                37.0585,
                37.6867,
                37.4838,
                40.1463,
                36.9565,
                39.1569,
                37.7594
            ]
        ]
    ]
}