{"threads": [1, 4, 16, 64], "sizes": [64, 128, 256], "runs": 20, "times": [[[0.0514908, 0.0501121, 0.0704654, 0.0709139, 0.0558406, 0.0509713, 0.0659984, 0.0583873, 0.048323, 0.0682853, 0.0651764, 0.0514815, 0.048522, 0.0500691, 0.0487084, 0.0498531, 0.0488474, 0.0664919, 0.0604264, 0.0655116], [0.653945, 0.653849, 0.565634, 0.521835, 0.513957, 0.516278, 0.503295, 0.512639, 0.509452, 0.543794, 0.545797, 0.508593, 0.548286, 0.506785, 0.51037, 0.504827, 0.509333, 0.504687, 0.507697, 0.506646], [6.13576, 5.54106, 5.69282, 6.08973, 7.0142, 5.95611, 5.84628, 5.556, 6.44896, 7.11569, 8.12569, 7.18222, 5.97629, 6.50723, 6.06642, 6.5576, 6.03561, 5.95527, 5.68926, 5.9812], [6.75353, 5.80319, 7.47889, 6.21153, 5.8378, 6.29557, 6.04378, 6.1301, 6.44106, 6.99867, 6.08639, 6.27204, 5.81651, 5.56952, 5.4209, 5.47686, 7.06832, 5.83606, 8.98431, 9.71168]], [[0.191139, 0.314895, 0.340323, 0.339117, 0.33891, 0.339199, 0.340347, 0.344368, 0.343747, 0.34459, 0.339668, 0.342784, 0.338698, 0.339195, 0.338109, 0.338738, 0.339395, 0.350846, 0.338701, 0.339838], [3.13252, 2.90987, 3.00806, 2.48344, 2.45185, 3.0201, 2.96158, 2.99899, 2.49309, 2.47873, 2.95427, 3.5231, 2.95819, 2.91846, 2.37651, 2.31869, 3.0259, 2.97295, 2.96392, 2.93922], [284.185, 187.937, 105.343, 129.555, 104.689, 301.978, 97.5168, 85.5814, 138.271, 160.799, 70.1873, 340.44, 219.437, 157.695, 159.12, 86.8411, 218.523, 257.888, 218.349, 128.481], [26.3285, 28.1877, 25.2169, 26.1099, 25.8944, 26.705, 29.937, 25.7116, 26.1339, 28.9445, 26.5343, 25.8142, 26.1448, 26.047, 25.3912, 26.575, 27.9888, 25.8881, 28.4123, 26.964]], [[1.7084, 2.10421, 2.22912, 2.11972, 2.1254, 1.27458, 2.12237, 2.12142, 2.11917, 2.25571, 2.08931, 2.08865, 2.14173, 2.11964, 2.08308, 2.24368, 2.08098, 2.12385, 2.15071, 2.17897], [19.9581, 19.3883, 20.422, 17.1284, 17.1002, 17.243, 17.1329, 18.5496, 22.608, 17.3328, 18.6135, 18.8578, 17.5598, 18.5463, 20.7233, 17.7193, 22.8607, 19.5412, 18.6159, 17.5808], [8.57668, 9.98353, 10.1299, 21.2261, 15.2337, 13.6566, 11.1154, 21.4349, 22.9677, 22.9896, 21.3731, 8.54717, 8.42441, 16.3516, 22.9485, 18.3384, 18.2325, 18.1965, 20.3765, 16.599], [126.186, 124.908, 120.971, 106.082, 118.374, 129.955, 126.856, 127.119, 123.341, 119.06, 122.664, 121.545, 116.358, 114.217, 113.849, 124.25, 114.561, 123.975, 121.312, 115.927]]]}