{"processes": 2, "times": [292.371597, 298.929233, 216.186978, 282.46887, 288.798615], "size": 10000}