{"processes": 4, "times": [147.690629, 166.534888, 174.011821, 170.066348, 176.819169], "size": 10000}