{"processes": 8, "times": [90.777255, 73.626699, 46.09047, 67.857333, 77.89692], "size": 10000}