{"processes": 2, "times": [17.457114, 17.999385], "size": 3000}