{"processes": 32, "times": [14.878258, 14.478681, 14.484501, 14.407082, 14.47966], "size": 10000}