{"processes": 2, "times": [290.926497, 283.73042, 289.178764, 283.025082, 246.768236, 272.48295, 276.015193, 293.867184, 278.391207, 167.956037, 169.353167, 157.550166, 180.24436, 244.959222, 240.348696], "size": 10000}