{"processes": 16, "times": [43.920266, 42.907871, 43.753225, 46.045964, 46.42355], "size": 10000}