{"processes": 64, "times": [18.635447, 24.404145, 18.431819, 18.445423, 17.81055, 16.189729, 16.322528, 14.668684, 14.989499, 15.10995, 16.11932, 16.231063, 16.344242, 26.565176, 21.409124], "size": 10000}