{"processes": 64, "times": [13.780644, 13.291997, 12.838495, 8.906193, 15.475499], "size": 10000}