{"processes": 32, "times": [24.423641, 23.521403, 45.882281, 28.191606, 28.032309], "size": 10000}