{"processes": 64, "times": [11.2678, 11.395046, 11.328292, 11.398514, 11.36046], "size": 10000}