{"processes": 8, "times": [61.892758, 69.581706, 82.541341, 73.955846, 82.101057, 82.157784, 84.853804, 81.986082, 84.439991, 81.212297, 85.11504, 79.109815, 78.927465, 72.675082, 62.384137], "size": 10000}