{"processes": 1, "times": [281.113398, 296.831392, 305.635512, 303.40932, 301.123401], "size": 10000}