{"processes": 4, "times": [130.797989, 147.673523, 170.47967, 163.878231, 158.362226, 125.582768, 112.649427, 145.080569, 141.896659, 139.589525, 143.393683, 140.451869, 142.623033, 138.916992, 114.647861], "size": 10000}