{"processes": 16, "times": [35.415424, 41.597011, 42.01299, 43.159567, 42.387358, 41.091811, 44.230369, 43.609407, 42.698761, 42.059497, 42.36297, 42.906515, 37.912697, 42.99844, 43.480523], "size": 10000}