{"processes": 1, "times": [272.559412, 277.036819, 272.757903, 277.938646, 272.783329], "size": 10000}