{"processes": 1, "times": [273.161999, 272.585565, 272.043595, 272.211307, 275.58292, 291.79835, 284.241714, 271.715044, 272.237035, 273.945516, 274.222064, 284.810579, 271.925121, 271.425903, 272.284504], "size": 10000}