{"processes": 2, "times": [136.494172, 136.581498, 136.514478, 136.654885, 136.602681], "size": 10000}