{"processes": [1, 2, 4, 8, 16, 32, 64], "runs": 5, "times": [[281.113398, 296.831392, 305.635512, 303.40932, 301.123401], [292.371597, 298.929233, 216.186978, 282.46887, 288.798615], [147.690629, 166.534888, 174.011821, 170.066348, 176.819169], [90.777255, 73.626699, 46.09047, 67.857333, 77.89692], [43.920266, 42.907871, 43.753225, 46.045964, 46.42355], [24.423641, 23.521403, 45.882281, 28.191606, 28.032309], [13.780644, 13.291997, 12.838495, 8.906193, 15.475499]], "sizes": [10000, 10000, 10000, 10000, 10000, 10000, 10000], "host": "eu-a2p-277", "base_size": 10000, "type": "strong"}