{"processes": 32, "times": [24.791291, 24.032536, 22.841244, 22.366698, 26.495701, 25.739346, 25.907701, 25.288682, 24.14767, 21.405839, 24.103115, 26.208491, 26.619191, 26.006907, 25.20073], "size": 10000}