{"processes": 8, "times": [39.060861, 39.370244, 44.230707, 43.472466, 37.290343], "size": 10000}