{"processes": 4, "times": [70.938346, 71.314755, 72.751823, 73.272006, 71.042776], "size": 10000}