{"processes": 16, "times": [26.225991, 23.98776, 27.191154, 24.554455, 27.250086], "size": 10000}