{"processes": 8, "times": [10.368009, 9.878496], "size": 3000}