{"processes": [1, 2, 4, 8, 16, 32, 64], "runs": 5, "times": [[272.559412, 277.036819, 272.757903, 277.938646, 272.783329], [136.494172, 136.581498, 136.514478, 136.654885, 136.602681], [70.938346, 71.314755, 72.751823, 73.272006, 71.042776], [39.060861, 39.370244, 44.230707, 43.472466, 37.290343], [26.225991, 23.98776, 27.191154, 24.554455, 27.250086], [14.878258, 14.478681, 14.484501, 14.407082, 14.47966], [11.2678, 11.395046, 11.328292, 11.398514, 11.36046]], "sizes": [10000, 10000, 10000, 10000, 10000, 10000, 10000], "host": "eu-a2p-447", "base_size": 10000, "type": "strong"}