{"processes": 64, "times": [18.621272, 22.81013, 25.680061, 24.714246, 21.30837, 24.676927, 25.028277, 26.716171, 23.14121, 25.43095, 26.600163, 24.663068, 22.812112, 24.343775, 25.75971], "size": 10000}