{
    "processes": [
        1,
        2,
        4,
        8,
        16,
        32,
        64
    ],
    "runs": 15,
    "times": [
        [
            273.161999,
            272.585565,
            272.043595,
            272.211307,
            275.58292,
            291.79835,
            284.241714,
            271.715044,
            272.237035,
            273.945516,
            274.222064,
            284.810579,
            271.925121,
            271.425903,
            272.284504
        ],
        [
            290.926497,
            283.73042,
            289.178764,
            283.025082,
            246.768236,
            272.48295,
            276.015193,
            293.867184,
            278.391207,
            167.956037,
            169.353167,
            157.550166,
            180.24436,
            244.959222,
            240.348696
        ],
        [
            130.797989,
            147.673523,
            170.47967,
            163.878231,
            158.362226,
            125.582768,
            112.649427,
            145.080569,
            141.896659,
            139.589525,
            143.393683,
            140.451869,
            142.623033,
            138.916992,
            114.647861
        ],
        [
            61.892758,
            69.581706,
            82.541341,
            73.955846,
            82.101057,
            82.157784,
            84.853804,
            81.986082,
            84.439991,
            81.212297,
            85.11504,
            79.109815,
            78.927465,
            72.675082,
            62.384137
        ],
        [
            35.415424,
            41.597011,
            42.01299,
            43.159567,
            42.387358,
            41.091811,
            44.230369,
            43.609407,
            42.698761,
            42.059497,
            42.36297,
            42.906515,
            37.912697,
            42.99844,
            43.480523
        ],
        [
            24.791291,
            24.032536,
            22.841244,
            22.366698,
            26.495701,
            25.739346,
            25.907701,
            25.288682,
            24.14767,
            21.405839,
            24.103115,
            26.208491,
            26.619191,
            26.006907,
            25.20073
        ],
        [
            18.621272,
            22.81013,
            25.680061,
            24.714246,
            21.30837,
            24.676927,
            25.028277,
            26.716171,
            23.14121,
            25.43095,
            26.600163,
            24.663068,
            22.812112,
            24.343775,
            25.75971
        ]
    ],
    "sizes": [
        10000,
        10000,
        10000,
        10000,
        10000,
        10000,
        10000
    ],
    "host": "eu-a2p-277",
    "base_size": 10000,
    "type": "strong"
}