{"processes": [64], "runs": 15, "times": [[120.848353, 104.428731, 80.81887, 82.811078, 82.768608, 82.967403, 122.532823, 112.170134, 110.990135, 108.323109, 98.433547, 110.365613, 123.419256, 121.753959, 131.79661]], "sizes": [24000], "host": "eu-a2p-277", "base_size": 3000, "type": "weak"}