{"processes": 64, "times": [117.422505, 131.605127, 73.873407, 81.054451, 75.779851, 106.338178, 116.951386, 119.952086, 211.897336, 381.108641, 109.482564, 115.102607, 107.312999, 99.243707, 72.71062], "size": 24000}