{"processes": 2, "times": [58.456286, 46.619082, 53.840391, 54.909533, 40.001142, 57.798531, 48.692043, 56.703874, 41.367561, 57.495947, 35.778536, 36.318231, 42.70847, 38.158376, 56.259266], "size": 4243}