{"processes": 32, "times": [80.605175, 76.130051, 76.924095, 79.382525, 73.971066, 80.026759, 77.603072, 92.684848, 76.552574, 86.2444, 81.567116, 68.307646, 61.850492, 77.389941, 73.820987], "size": 16971}