{"processes": 2, "times": [39.039452, 34.706417, 39.109243, 38.979695, 33.347983], "size": 4243}