{"processes": 8, "times": [62.845153, 63.420158, 70.225731, 67.330396, 66.466547, 58.349012, 61.736338, 66.694928, 68.812167, 69.649116, 70.001328, 72.030199, 71.21648, 72.644546, 72.08026], "size": 8486}