{"processes": 8, "times": [39.209669, 38.875419, 39.567995, 40.166244, 38.453634], "size": 8486}