{"processes": 8, "times": [68.744085, 71.502743], "size": 8486}