{
    "processes": [
        1,
        2,
        4,
        8,
        16,
        32,
        64
    ],
    "runs": 15,
    "times": [
        [
            25.46162,
            24.871348,
            25.227237,
            24.958621,
            24.943443,
            24.982106,
            24.909433,
            24.879297,
            24.850213,
            25.027158,
            24.931286,
            24.924337,
            24.95163,
            24.862595,
            24.90564
        ],
        [
            58.456286,
            46.619082,
            53.840391,
            54.909533,
            40.001142,
            57.798531,
            48.692043,
            56.703874,
            41.367561,
            57.495947,
            35.778536,
            36.318231,
            42.70847,
            38.158376,
            56.259266
        ],
        [
            58.834176,
            45.564692,
            58.812088,
            58.632947,
            52.912854,
            58.33881,
            58.172347,
            55.624424,
            52.241016,
            58.994614,
            57.069752,
            50.122033,
            58.215758,
            58.911137,
            56.702434
        ],
        [
            62.845153,
            63.420158,
            70.225731,
            67.330396,
            66.466547,
            58.349012,
            61.736338,
            66.694928,
            68.812167,
            69.649116,
            70.001328,
            72.030199,
            71.21648,
            72.644546,
            72.08026
        ],
        [
            71.00385,
            73.448358,
            69.205502,
            70.767425,
            70.23964,
            68.460615,
            70.253667,
            69.599947,
            64.35102,
            64.688434,
            72.39325,
            75.485877,
            73.312259,
            70.942968,
            67.814229
        ],
        [
            80.605175,
            76.130051,
            76.924095,
            79.382525,
            73.971066,
            80.026759,
            77.603072,
            92.684848,
            76.552574,
            86.2444,
            81.567116,
            68.307646,
            61.850492,
            77.389941,
            73.820987
        ],
        [
            120.848353,
            104.428731,
            80.81887,
            82.811078,
            82.768608,
            82.967403,
            122.532823,
            112.170134,
            110.990135,
            108.323109,
            98.433547,
            110.365613,
            123.419256,
            121.753959,
            131.79661
        ]
    ],
    "sizes": [
        3000,
        4243,
        6000,
        8486,
        12000,
        16971,
        24000
    ],
    "host": "eu-a2p-277",
    "base_size": 3000,
    "type": "weak"
}