{"processes": [1, 2, 4, 8, 16, 32, 64], "runs": 5, "times": [[27.137035, 26.884045, 27.064362, 26.797736, 26.779416], [26.997791, 26.762595, 26.934894, 26.661213, 26.713136], [29.431774, 29.331342, 28.889025, 29.202809, 28.444064], [28.034393, 28.114324, 27.986409, 27.995172, 27.908683], [28.409118, 28.461918, 28.510373, 29.386411, 28.382212], [43.370653, 43.261212, 43.134979, 43.284119, 43.597913], [87.35553, 87.83395, 88.07502, 87.681056, 87.734183]], "sizes": [3000, 4243, 6000, 8486, 12000, 16971, 24000], "host": "eu-a2p-323", "base_size": 3000, "type": "weak"}