{"processes": 1, "times": [27.137035, 26.884045, 27.064362, 26.797736, 26.779416], "size": 3000}