{"processes": 2, "times": [26.997791, 26.762595, 26.934894, 26.661213, 26.713136], "size": 4243}