{"processes": 1, "times": [26.444174, 25.809306, 26.375791, 25.590023, 26.065175], "size": 3000}