{"processes": 16, "times": [36.746613, 38.900751, 40.824267, 39.893678, 41.147634], "size": 12000}