{"processes": 8, "times": [28.034393, 28.114324, 27.986409, 27.995172, 27.908683], "size": 8486}