{"processes": 4, "times": [41.867634, 38.625541], "size": 6000}