{"processes": 32, "times": [46.107275, 47.547707, 42.837861, 40.185037, 47.933111], "size": 16971}