{
    "processes": [
        2,
        4,
        8
    ],
    "runs": 2,
    "times": [
        [
            34.808647,
            34.851073
        ],
        [
            41.867634,
            38.625541
        ],
        [
            68.744085,
            71.502743
        ]
    ],
    "sizes": [
        4243,
        6000,
        8486
    ],
    "host": "student-net-vpn-1939.intern.ethz.ch",
    "base_size": 3000,
    "type": "weak"
}