{"processes": 32, "times": [43.370653, 43.261212, 43.134979, 43.284119, 43.597913], "size": 16971}