{"processes": 2, "times": [34.808647, 34.851073], "size": 4243}