{"processes": 4, "times": [29.431774, 29.331342, 28.889025, 29.202809, 28.444064], "size": 6000}