{"processes": 1, "times": [25.46162, 24.871348, 25.227237, 24.958621, 24.943443, 24.982106, 24.909433, 24.879297, 24.850213, 25.027158, 24.931286, 24.924337, 24.95163, 24.862595, 24.90564], "size": 3000}