{"processes": 4, "times": [58.834176, 45.564692, 58.812088, 58.632947, 52.912854, 58.33881, 58.172347, 55.624424, 52.241016, 58.994614, 57.069752, 50.122033, 58.215758, 58.911137, 56.702434], "size": 6000}