{"processes": 16, "times": [71.00385, 73.448358, 69.205502, 70.767425, 70.23964, 68.460615, 70.253667, 69.599947, 64.35102, 64.688434, 72.39325, 75.485877, 73.312259, 70.942968, 67.814229], "size": 12000}