{"processes": 64, "times": [52.081875, 48.97865, 48.8868, 51.783422, 49.043312], "size": 24000}