{"processes": 16, "times": [28.409118, 28.461918, 28.510373, 29.386411, 28.382212], "size": 12000}