{"processes": 4, "times": [39.085836, 39.705553, 39.599001, 38.456673, 39.472999], "size": 6000}