{"processes": [1, 2, 4, 8, 16, 32, 64], "runs": 5, "times": [[26.444174, 25.809306, 26.375791, 25.590023, 26.065175], [39.039452, 34.706417, 39.109243, 38.979695, 33.347983], [39.085836, 39.705553, 39.599001, 38.456673, 39.472999], [39.209669, 38.875419, 39.567995, 40.166244, 38.453634], [36.746613, 38.900751, 40.824267, 39.893678, 41.147634], [46.107275, 47.547707, 42.837861, 40.185037, 47.933111], [52.081875, 48.97865, 48.8868, 51.783422, 49.043312]], "sizes": [3000, 4243, 6000, 8486, 12000, 16971, 24000], "host": "eu-a2p-277", "base_size": 3000, "type": "weak"}