{"processes": 64, "times": [87.35553, 87.83395, 88.07502, 87.681056, 87.734183], "size": 24000}